Time,Open,High,Low,Close,Volume
2021-05-27 00:00:00+00:00,299.5,306.5,296.5,301.5,2528
2021-05-28 00:00:00+00:00,302.0,303.5,299.0,301.0,1054
2021-05-31 00:00:00+00:00,302.0,307.0,299.5,301.5,1884
2021-06-01 00:00:00+00:00,303.0,307.0,301.5,302.5,1246
2021-06-02 00:00:00+00:00,302.0,305.0,300.0,301.5,954
2021-06-03 00:00:00+00:00,298.0,310.0,297.5,304.0,1411
2021-06-04 00:00:00+00:00,306.0,309.5,300.0,307.5,3107
2021-06-07 00:00:00+00:00,304.5,315.0,303.5,311.5,3042
2021-06-08 00:00:00+00:00,312.5,318.0,307.0,313.5,3506
2021-06-09 00:00:00+00:00,314.5,319.0,308.0,315.5,3449
2021-06-10 00:00:00+00:00,313.5,320.0,310.5,318.5,2124
2021-06-11 00:00:00+00:00,319.5,321.5,315.5,319.5,1696
2021-06-14 00:00:00+00:00,319.0,326.0,317.0,321.5,1170
2021-06-15 00:00:00+00:00,319.5,325.0,306.5,315.0,3844
2021-06-16 00:00:00+00:00,312.5,320.0,310.0,319.5,2972
2021-06-17 00:00:00+00:00,316.0,320.0,311.5,319.5,2765
2021-06-18 00:00:00+00:00,319.5,335.5,315.0,326.0,5729
2021-06-21 00:00:00+00:00,330.5,340.0,314.5,334.5,5459
2021-06-22 00:00:00+00:00,334.5,340.0,327.0,336.0,1970
2021-06-23 00:00:00+00:00,336.0,350.0,335.0,344.0,2574
2021-06-24 00:00:00+00:00,345.0,360.5,345.0,355.5,6260
2021-06-25 00:00:00+00:00,357.0,365.0,347.0,355.0,5329
2021-06-28 00:00:00+00:00,355.0,365.0,351.0,364.0,3059
2021-06-29 00:00:00+00:00,365.0,370.0,348.0,360.0,4916
2021-06-30 00:00:00+00:00,360.0,360.0,357.0,360.0,3048
2021-07-01 00:00:00+00:00,356.5,358.5,322.5,351.0,4192
2021-07-02 00:00:00+00:00,350.0,362.0,347.0,360.0,5056
2021-07-05 00:00:00+00:00,366.0,371.0,358.0,362.0,4393
2021-07-06 00:00:00+00:00,358.5,373.0,358.0,362.0,7370
2021-07-07 00:00:00+00:00,362.0,370.5,362.0,367.0,2509
2021-07-08 00:00:00+00:00,365.0,367.0,356.0,358.0,2111
2021-07-09 00:00:00+00:00,361.0,372.0,356.0,369.0,2904
2021-07-12 00:00:00+00:00,370.0,379.5,365.0,379.5,4820
2021-07-13 00:00:00+00:00,379.0,394.5,374.0,391.5,10251
2021-07-14 00:00:00+00:00,395.0,404.5,386.5,404.5,5623
2021-07-15 00:00:00+00:00,405.0,465.5,401.0,436.5,17510
2021-07-16 00:00:00+00:00,440.0,445.0,412.5,433.5,7235
2021-07-19 00:00:00+00:00,433.5,433.5,401.5,417.0,7813
2021-07-20 00:00:00+00:00,425.0,425.0,411.0,413.0,2018
2021-07-21 00:00:00+00:00,410.0,430.0,402.5,425.0,4699
2021-07-22 00:00:00+00:00,420.0,445.0,419.5,433.0,2778
2021-07-23 00:00:00+00:00,439.0,468.0,435.0,457.0,8656
2021-07-26 00:00:00+00:00,460.0,501.0,440.0,487.0,14155
2021-07-27 00:00:00+00:00,486.5,509.5,455.5,461.5,11790
2021-07-28 00:00:00+00:00,468.0,468.0,422.5,456.0,5495
2021-07-29 00:00:00+00:00,457.0,466.0,450.5,457.5,3814
2021-07-30 00:00:00+00:00,464.0,464.5,453.5,455.5,2261
2021-08-02 00:00:00+00:00,455.0,461.0,436.5,449.0,3733
2021-08-03 00:00:00+00:00,445.5,492.0,435.5,472.5,10157
2021-08-04 00:00:00+00:00,465.0,485.0,465.0,481.0,3746
2021-08-05 00:00:00+00:00,484.0,484.0,478.0,480.0,1577
2021-08-06 00:00:00+00:00,479.0,482.5,464.0,464.0,1358
2021-08-09 00:00:00+00:00,463.0,483.0,459.0,473.0,3499
2021-08-10 00:00:00+00:00,481.0,481.0,469.5,470.0,1428
2021-08-11 00:00:00+00:00,471.5,476.5,465.0,469.5,2464
2021-08-12 00:00:00+00:00,470.0,473.0,461.0,467.0,2286
2021-08-13 00:00:00+00:00,472.5,472.5,460.0,462.5,2307
2021-08-16 00:00:00+00:00,462.5,470.0,455.0,463.0,2545
2021-08-17 00:00:00+00:00,462.5,470.0,440.0,470.0,3378
2021-08-18 00:00:00+00:00,470.0,474.0,462.5,474.0,1887
2021-08-19 00:00:00+00:00,473.0,475.0,462.5,465.0,1900
2021-08-20 00:00:00+00:00,465.5,470.5,461.0,465.0,1544
2021-08-23 00:00:00+00:00,465.5,471.0,461.0,461.0,2537
2021-08-24 00:00:00+00:00,461.0,468.5,455.0,461.0,2950
2021-08-25 00:00:00+00:00,464.5,465.0,455.0,465.0,2507
2021-08-26 00:00:00+00:00,465.5,467.0,460.0,466.0,2645
2021-08-27 00:00:00+00:00,466.5,467.0,458.0,465.0,3440
2021-08-30 00:00:00+00:00,465.0,492.0,451.0,480.5,8967
2021-08-31 00:00:00+00:00,480.5,490.0,467.5,471.0,4802
2021-09-01 00:00:00+00:00,471.0,471.0,464.0,469.5,2200
2021-09-02 00:00:00+00:00,469.5,470.0,456.0,457.0,3729
2021-09-03 00:00:00+00:00,457.0,459.5,447.0,452.0,3646
2021-09-06 00:00:00+00:00,452.5,459.5,444.0,454.0,4157
2021-09-07 00:00:00+00:00,455.0,462.0,450.5,462.0,2294
2021-09-08 00:00:00+00:00,457.5,469.0,455.0,467.0,2565
2021-09-09 00:00:00+00:00,468.5,468.5,450.0,460.5,2249
2021-09-10 00:00:00+00:00,462.5,466.0,458.0,458.5,1869
2021-09-13 00:00:00+00:00,462.0,469.0,458.5,466.5,1628
2021-09-14 00:00:00+00:00,467.0,467.0,457.0,460.5,2290
2021-09-15 00:00:00+00:00,459.0,466.0,456.0,464.0,2088
2021-09-16 00:00:00+00:00,462.0,468.0,460.0,465.5,1826
2021-09-17 00:00:00+00:00,463.5,474.5,462.0,467.0,2193
2021-09-20 00:00:00+00:00,470.5,475.0,458.0,465.0,1875
2021-09-21 00:00:00+00:00,467.0,484.0,467.0,475.5,3450
2021-09-22 00:00:00+00:00,473.5,481.5,467.0,479.5,1344
2021-09-23 00:00:00+00:00,480.0,480.0,474.5,476.0,872
2021-09-24 00:00:00+00:00,475.5,480.0,446.0,463.0,3539
2021-09-27 00:00:00+00:00,462.0,478.5,455.5,460.0,2602
2021-09-28 00:00:00+00:00,459.5,481.0,459.0,465.0,2002
2021-09-29 00:00:00+00:00,467.0,490.0,462.0,479.0,3540
2021-09-30 00:00:00+00:00,491.0,514.0,470.0,493.0,8097
2021-10-01 00:00:00+00:00,493.0,514.5,468.0,503.5,7262
2021-10-04 00:00:00+00:00,504.0,595.0,497.5,568.5,28958
2021-10-05 00:00:00+00:00,568.0,685.0,565.5,603.0,36013
2021-10-06 00:00:00+00:00,610.5,633.0,535.0,559.0,23977
2021-10-07 00:00:00+00:00,580.0,605.5,560.0,573.0,12444
2021-10-08 00:00:00+00:00,592.0,592.0,566.0,570.5,6032
2021-10-11 00:00:00+00:00,575.0,598.0,566.0,572.5,11343
2021-10-12 00:00:00+00:00,572.0,572.0,545.0,563.5,4159
2021-10-13 00:00:00+00:00,565.5,566.5,549.5,550.0,3276
2021-10-14 00:00:00+00:00,554.5,558.5,550.0,552.0,2728
2021-10-15 00:00:00+00:00,550.5,554.0,540.5,550.0,3375
2021-10-18 00:00:00+00:00,550.0,554.5,550.0,551.0,1291
2021-10-19 00:00:00+00:00,554.0,554.5,545.5,552.5,2521
2021-10-20 00:00:00+00:00,557.5,593.5,553.5,569.0,5547
2021-10-21 00:00:00+00:00,576.0,577.0,558.5,561.5,1891
2021-10-22 00:00:00+00:00,562.0,564.0,548.0,548.5,1524
2021-10-25 00:00:00+00:00,554.0,561.0,548.0,552.0,2124
2021-10-26 00:00:00+00:00,553.0,554.5,547.0,550.5,899
2021-10-27 00:00:00+00:00,553.0,553.0,539.0,540.5,1281
2021-10-28 00:00:00+00:00,549.0,558.5,530.0,552.5,2572
2021-10-29 00:00:00+00:00,559.0,567.0,542.5,546.0,1993
2021-11-01 00:00:00+00:00,545.0,558.5,462.5,541.0,9409
2021-11-02 00:00:00+00:00,549.5,557.5,544.5,550.5,2126
2021-11-03 00:00:00+00:00,547.5,559.5,542.0,548.5,2354
2021-11-05 00:00:00+00:00,548.5,559.0,547.0,551.0,1054
2021-11-08 00:00:00+00:00,549.5,556.0,549.5,552.5,714
2021-11-09 00:00:00+00:00,552.5,565.0,550.5,551.5,2129
2021-11-10 00:00:00+00:00,550.5,578.5,544.0,562.0,4499
2021-11-11 00:00:00+00:00,559.0,563.0,552.5,556.5,1082
2021-11-12 00:00:00+00:00,554.5,566.0,541.0,547.5,2237
2021-11-15 00:00:00+00:00,552.5,573.5,545.0,560.5,2865
2021-11-16 00:00:00+00:00,562.5,567.0,550.0,556.5,1672
2021-11-17 00:00:00+00:00,555.5,571.0,554.5,564.5,4131
2021-11-18 00:00:00+00:00,563.0,579.0,561.0,561.5,1644
2021-11-19 00:00:00+00:00,561.0,566.5,549.0,557.0,1658
2021-11-22 00:00:00+00:00,565.0,565.0,520.5,551.5,4096
2021-11-23 00:00:00+00:00,550.0,551.0,525.5,528.0,3809
2021-11-24 00:00:00+00:00,528.0,542.5,528.0,536.5,1898
2021-11-25 00:00:00+00:00,541.0,550.0,537.0,538.5,1211
2021-11-26 00:00:00+00:00,541.0,541.0,514.0,521.0,2770
2021-11-29 00:00:00+00:00,538.5,541.5,518.0,519.0,1994
2021-11-30 00:00:00+00:00,540.0,540.0,521.5,526.0,3017
2021-12-01 00:00:00+00:00,530.0,538.5,527.0,530.5,909
2021-12-02 00:00:00+00:00,531.0,532.5,518.0,518.0,1433
2021-12-03 00:00:00+00:00,528.0,543.0,509.0,509.0,6573
2021-12-06 00:00:00+00:00,509.0,514.5,473.0,475.0,5616
2021-12-07 00:00:00+00:00,479.0,515.5,477.5,500.0,7288
2021-12-08 00:00:00+00:00,515.0,515.5,490.0,492.0,2920
2021-12-09 00:00:00+00:00,493.5,555.0,492.5,538.0,7240
2021-12-10 00:00:00+00:00,538.0,546.5,512.0,530.0,3321
2021-12-13 00:00:00+00:00,531.0,535.0,507.0,520.0,3034
2021-12-14 00:00:00+00:00,510.0,539.0,493.0,530.0,4811
2021-12-15 00:00:00+00:00,531.0,564.5,529.0,556.5,4575
2021-12-16 00:00:00+00:00,556.5,564.0,533.0,552.0,5070
2021-12-17 00:00:00+00:00,564.5,564.5,544.5,548.5,871
2021-12-20 00:00:00+00:00,538.5,553.5,532.0,541.5,2581
2021-12-21 00:00:00+00:00,539.0,555.0,539.0,555.0,1259
2021-12-22 00:00:00+00:00,556.0,570.0,555.0,566.5,2471
2021-12-23 00:00:00+00:00,563.0,568.5,546.0,566.5,2547
2021-12-24 00:00:00+00:00,566.5,588.0,549.0,588.0,4889
2021-12-27 00:00:00+00:00,588.0,588.0,560.5,570.5,1748
2021-12-28 00:00:00+00:00,570.0,595.0,570.0,585.5,2517
2021-12-29 00:00:00+00:00,586.0,599.5,577.5,592.0,2553
2021-12-30 00:00:00+00:00,589.5,605.0,588.0,600.5,4254
2022-01-03 00:00:00+00:00,593.5,610.0,593.5,603.5,974
2022-01-04 00:00:00+00:00,599.5,610.0,594.0,596.0,1112
2022-01-05 00:00:00+00:00,595.0,595.0,576.5,584.0,1999
2022-01-06 00:00:00+00:00,580.0,595.0,552.0,590.0,2330
2022-01-10 00:00:00+00:00,588.0,607.0,583.0,586.0,2568
2022-01-11 00:00:00+00:00,585.0,591.0,573.0,580.0,2208
2022-01-12 00:00:00+00:00,578.5,611.5,565.0,609.0,8603
2022-01-13 00:00:00+00:00,609.0,620.0,595.0,604.0,4436
2022-01-14 00:00:00+00:00,592.5,612.5,565.0,577.0,4467
2022-01-17 00:00:00+00:00,570.0,649.5,570.0,620.5,13443
2022-01-18 00:00:00+00:00,609.5,620.0,571.0,586.0,7379
2022-01-19 00:00:00+00:00,586.0,605.0,560.5,603.0,4558
2022-01-20 00:00:00+00:00,605.0,630.0,603.5,624.0,4007
2022-01-21 00:00:00+00:00,620.5,630.0,610.0,616.0,3014
2022-01-24 00:00:00+00:00,615.0,621.5,590.0,599.0,4738
2022-01-25 00:00:00+00:00,597.5,610.0,594.0,600.5,2934
2022-01-26 00:00:00+00:00,603.0,604.5,591.0,593.0,1653
2022-01-27 00:00:00+00:00,590.0,614.0,577.5,597.5,4482
2022-01-28 00:00:00+00:00,601.0,605.5,591.5,591.5,715
2022-01-31 00:00:00+00:00,594.0,610.0,594.0,608.0,3410
2022-02-01 00:00:00+00:00,608.5,618.0,598.0,601.5,2430
2022-02-02 00:00:00+00:00,600.5,604.0,579.0,585.0,2431
2022-02-03 00:00:00+00:00,582.0,587.0,551.5,560.0,4391
2022-02-04 00:00:00+00:00,570.0,581.0,565.5,570.0,1547
2022-02-07 00:00:00+00:00,573.0,582.5,558.0,567.0,4012
2022-02-08 00:00:00+00:00,567.0,575.0,561.0,573.5,2286
2022-02-09 00:00:00+00:00,578.0,579.0,569.0,572.0,1331
2022-02-10 00:00:00+00:00,571.0,574.5,552.5,567.0,2289
2022-02-11 00:00:00+00:00,566.0,575.0,550.5,557.0,2731
2022-02-14 00:00:00+00:00,553.5,565.0,536.0,549.5,1884
2022-02-15 00:00:00+00:00,551.0,559.0,543.5,550.0,1892
2022-02-16 00:00:00+00:00,550.5,572.5,550.0,550.0,1115
2022-02-17 00:00:00+00:00,553.0,553.0,533.0,533.0,1733
2022-02-18 00:00:00+00:00,536.0,538.5,509.0,510.0,3002
2022-02-21 00:00:00+00:00,520.0,534.0,420.0,461.0,12448
2022-02-22 00:00:00+00:00,459.0,489.0,359.0,475.0,7934
2022-02-24 00:00:00+00:00,450.0,460.0,291.0,370.0,7064
2022-02-25 00:00:00+00:00,372.0,470.0,372.0,420.0,4929
2022-03-28 00:00:00+00:00,449.0,557.0,410.0,515.0,91715
2022-03-29 00:00:00+00:00,538.0,595.0,528.0,579.0,61784
2022-03-30 00:00:00+00:00,600.0,600.0,525.0,540.0,37888
2022-03-31 00:00:00+00:00,540.0,565.5,530.0,535.0,33796
2022-04-01 00:00:00+00:00,540.0,551.5,530.0,539.5,18542
2022-04-04 00:00:00+00:00,547.5,547.5,530.0,532.5,12528
2022-04-05 00:00:00+00:00,532.0,539.0,486.5,501.5,20519
2022-04-06 00:00:00+00:00,506.0,561.0,498.5,516.0,75158
2022-04-07 00:00:00+00:00,528.5,565.0,518.0,539.5,42568
2022-04-08 00:00:00+00:00,555.0,555.0,525.0,536.5,14974
2022-04-11 00:00:00+00:00,535.0,535.0,500.0,505.0,20074
2022-04-12 00:00:00+00:00,507.0,511.0,480.0,494.5,22854
2022-04-13 00:00:00+00:00,494.5,510.0,482.0,499.5,15805
2022-04-14 00:00:00+00:00,499.5,509.0,482.0,483.0,10346
2022-04-15 00:00:00+00:00,483.0,488.5,469.0,484.0,13215
2022-04-18 00:00:00+00:00,483.5,483.5,437.5,450.0,31870
2022-04-19 00:00:00+00:00,456.0,456.0,408.0,427.0,37003
2022-04-20 00:00:00+00:00,458.5,469.5,430.5,449.0,37926
2022-04-21 00:00:00+00:00,454.5,460.0,435.0,445.0,16763
2022-04-22 00:00:00+00:00,453.0,453.0,422.5,423.5,16770
2022-04-25 00:00:00+00:00,410.0,424.5,404.0,418.5,16345
2022-04-26 00:00:00+00:00,419.0,437.0,406.0,433.5,12448
2022-04-27 00:00:00+00:00,434.0,459.0,434.0,449.0,20736
2022-04-28 00:00:00+00:00,453.0,458.5,442.5,445.0,16407
2022-04-29 00:00:00+00:00,449.5,454.0,434.5,439.0,18403
2022-05-04 00:00:00+00:00,441.5,441.5,417.0,423.5,20241
2022-05-05 00:00:00+00:00,428.0,430.5,413.5,421.0,10983
2022-05-06 00:00:00+00:00,428.0,428.0,412.0,425.0,10979
2022-05-11 00:00:00+00:00,425.0,428.0,414.0,421.5,8774
2022-05-12 00:00:00+00:00,422.0,441.5,414.5,428.0,19549
2022-05-13 00:00:00+00:00,437.0,437.0,424.0,427.0,5767
2022-05-16 00:00:00+00:00,432.0,432.0,420.0,424.0,12438
2022-05-17 00:00:00+00:00,423.0,437.0,411.0,425.0,29909
2022-05-18 00:00:00+00:00,428.5,431.0,423.0,428.5,16688
2022-05-19 00:00:00+00:00,435.0,435.0,423.0,427.0,5787
2022-05-20 00:00:00+00:00,426.0,427.0,424.0,425.5,5639
2022-05-23 00:00:00+00:00,424.5,428.5,416.0,428.5,15264
2022-05-24 00:00:00+00:00,428.5,437.0,418.0,437.0,24486
2022-05-25 00:00:00+00:00,437.5,448.0,437.5,444.5,19753
2022-05-26 00:00:00+00:00,445.0,450.5,429.5,450.0,22675
2022-05-27 00:00:00+00:00,470.0,470.0,450.5,466.0,14054
2022-05-30 00:00:00+00:00,470.0,555.0,465.0,481.5,174085
2022-05-31 00:00:00+00:00,485.5,528.0,478.5,486.5,122214
2022-06-01 00:00:00+00:00,487.0,495.5,465.0,468.0,30383
2022-06-02 00:00:00+00:00,472.5,474.5,453.0,468.0,17066
2022-06-03 00:00:00+00:00,480.0,500.0,466.5,489.0,48733
2022-06-06 00:00:00+00:00,489.5,514.5,481.0,502.5,45172
2022-06-07 00:00:00+00:00,500.5,504.0,485.0,488.0,22617
2022-06-08 00:00:00+00:00,488.5,498.0,471.5,483.5,19706
2022-06-09 00:00:00+00:00,474.0,488.0,472.0,483.5,14922
2022-06-10 00:00:00+00:00,484.5,493.5,475.0,484.0,20172
2022-06-14 00:00:00+00:00,493.5,499.0,471.5,481.0,14151
2022-06-15 00:00:00+00:00,480.0,487.0,471.5,479.0,11302
2022-06-16 00:00:00+00:00,484.0,485.0,475.5,483.0,12989
2022-06-17 00:00:00+00:00,484.5,486.0,476.5,484.0,8579
2022-06-20 00:00:00+00:00,486.0,519.0,481.5,500.0,58565
2022-06-21 00:00:00+00:00,507.0,513.0,496.0,503.5,21106
2022-06-22 00:00:00+00:00,506.0,509.0,495.5,499.0,14150
2022-06-23 00:00:00+00:00,498.0,508.0,489.0,500.0,9973
2022-06-24 00:00:00+00:00,500.0,506.5,495.5,497.0,7845
2022-06-27 00:00:00+00:00,496.0,513.0,492.5,506.5,53826
2022-06-28 00:00:00+00:00,515.0,539.0,505.5,529.5,124426
2022-06-29 00:00:00+00:00,534.5,545.0,511.5,519.0,26422
2022-06-30 00:00:00+00:00,514.5,519.5,495.0,495.5,22581
2022-07-01 00:00:00+00:00,499.0,507.0,495.5,500.0,8285
2022-07-04 00:00:00+00:00,501.0,505.5,473.5,478.0,18975
2022-07-05 00:00:00+00:00,486.0,496.0,468.0,489.0,18231
2022-07-06 00:00:00+00:00,489.0,502.0,479.5,497.0,9104
2022-07-07 00:00:00+00:00,499.0,518.5,497.5,505.0,26457
2022-07-08 00:00:00+00:00,505.0,525.0,498.0,514.5,33934
2022-07-11 00:00:00+00:00,507.0,516.5,504.0,512.0,13419
2022-07-12 00:00:00+00:00,511.0,512.0,495.0,501.0,11949
2022-07-13 00:00:00+00:00,500.0,502.5,490.5,493.5,9210
2022-07-14 00:00:00+00:00,494.5,508.0,494.5,499.5,12140
2022-07-15 00:00:00+00:00,500.0,508.0,500.0,503.0,9083
2022-07-18 00:00:00+00:00,506.5,540.0,502.5,524.0,44767
2022-07-19 00:00:00+00:00,525.0,550.0,502.0,517.5,81946
2022-07-20 00:00:00+00:00,518.0,550.0,507.5,519.0,49441
2022-07-21 00:00:00+00:00,519.0,519.0,505.5,511.5,11280
2022-07-22 00:00:00+00:00,538.0,538.0,512.0,521.0,16725
2022-07-25 00:00:00+00:00,526.5,535.0,519.5,526.0,24934
2022-07-26 00:00:00+00:00,535.5,536.5,527.0,532.0,12106
2022-07-27 00:00:00+00:00,531.0,534.5,523.5,529.5,15196
2022-07-28 00:00:00+00:00,534.0,541.5,525.5,531.5,15952
2022-07-29 00:00:00+00:00,534.0,536.5,505.0,522.0,39129
2022-08-01 00:00:00+00:00,523.0,526.0,512.5,514.5,14077
2022-08-02 00:00:00+00:00,526.0,526.0,515.5,519.5,12776
2022-08-03 00:00:00+00:00,525.0,525.0,514.5,519.0,5467
2022-08-04 00:00:00+00:00,519.0,521.5,516.5,518.0,6068
2022-08-05 00:00:00+00:00,522.5,525.0,510.0,524.5,22645
2022-08-08 00:00:00+00:00,532.5,585.5,522.5,556.5,166420
2022-08-09 00:00:00+00:00,564.0,567.5,540.0,550.0,39703
2022-08-10 00:00:00+00:00,553.0,559.0,545.0,553.0,22655
2022-08-11 00:00:00+00:00,554.0,560.0,550.0,555.5,15937
2022-08-12 00:00:00+00:00,564.0,620.0,551.0,571.0,174417
2022-08-15 00:00:00+00:00,571.5,596.0,570.5,582.0,44013
2022-08-16 00:00:00+00:00,582.5,599.0,581.0,592.0,31182
2022-08-17 00:00:00+00:00,594.5,599.0,582.0,584.0,36192
2022-08-18 00:00:00+00:00,584.0,610.0,577.5,601.0,59781
2022-08-19 00:00:00+00:00,601.0,618.0,584.0,598.5,53628
2022-08-22 00:00:00+00:00,601.5,614.0,594.0,607.5,31147
2022-08-23 00:00:00+00:00,609.5,610.0,599.5,601.0,19600
2022-08-24 00:00:00+00:00,603.0,603.0,595.0,599.0,11141
2022-08-25 00:00:00+00:00,600.0,605.0,597.0,604.5,23966
2022-08-26 00:00:00+00:00,604.0,608.5,602.0,603.0,14612
2022-08-29 00:00:00+00:00,606.5,609.0,602.5,607.5,17108
2022-08-30 00:00:00+00:00,610.0,620.0,606.5,619.0,38268
2022-08-31 00:00:00+00:00,606.5,634.0,605.0,610.5,110816
2022-09-01 00:00:00+00:00,615.0,622.5,610.5,618.5,25341
2022-09-02 00:00:00+00:00,621.0,639.5,620.5,635.5,81132
2022-09-05 00:00:00+00:00,638.0,687.0,635.5,671.0,172036
2022-09-06 00:00:00+00:00,671.0,677.5,627.0,639.0,81132
2022-09-07 00:00:00+00:00,626.0,656.0,626.0,632.0,81757
2022-09-08 00:00:00+00:00,629.5,658.5,615.0,637.5,65138
2022-09-09 00:00:00+00:00,638.5,644.5,630.0,637.0,25797
2022-09-12 00:00:00+00:00,624.0,645.0,620.0,641.5,41595
2022-09-13 00:00:00+00:00,642.5,649.0,641.0,642.5,18961
2022-09-14 00:00:00+00:00,645.0,673.0,641.5,654.5,64587
2022-09-15 00:00:00+00:00,658.0,689.5,655.0,681.5,96329
2022-09-16 00:00:00+00:00,682.5,725.0,670.5,678.5,185318
2022-09-19 00:00:00+00:00,680.0,683.5,654.5,654.5,53330
2022-09-20 00:00:00+00:00,657.0,657.0,585.0,585.5,204627
2022-09-21 00:00:00+00:00,527.0,649.5,486.0,611.0,107610
2022-09-22 00:00:00+00:00,638.0,639.5,615.5,628.0,30619
2022-09-23 00:00:00+00:00,628.0,632.5,563.0,578.0,52844
2022-09-26 00:00:00+00:00,577.0,577.0,500.0,520.0,59946
2022-09-27 00:00:00+00:00,510.0,606.5,510.0,544.0,53798
2022-09-28 00:00:00+00:00,549.0,578.5,523.5,542.0,41427
2022-09-29 00:00:00+00:00,543.0,555.5,500.0,511.5,35586
2022-09-30 00:00:00+00:00,514.0,535.0,485.5,505.0,44462
2022-10-03 00:00:00+00:00,524.5,539.0,516.5,532.5,32933
2022-10-04 00:00:00+00:00,538.0,571.5,534.5,551.5,50016
2022-10-05 00:00:00+00:00,551.5,564.5,523.5,545.5,43363
2022-10-06 00:00:00+00:00,546.5,562.0,530.0,541.5,23276
2022-10-07 00:00:00+00:00,541.5,545.0,519.0,528.0,31622
2022-10-10 00:00:00+00:00,517.0,539.5,504.0,524.0,34149
2022-10-11 00:00:00+00:00,527.0,545.0,523.5,540.5,58077
2022-10-12 00:00:00+00:00,549.0,557.0,537.0,552.0,28268
2022-10-13 00:00:00+00:00,555.0,564.5,551.5,556.5,27002
2022-10-14 00:00:00+00:00,557.5,558.5,541.5,548.0,34947
2022-10-17 00:00:00+00:00,557.5,558.0,544.0,551.5,51675
2022-10-18 00:00:00+00:00,557.0,560.5,536.0,543.0,59182
2022-10-19 00:00:00+00:00,543.0,543.0,515.5,526.5,77792
2022-10-20 00:00:00+00:00,532.0,538.0,521.0,531.5,35277
2022-10-21 00:00:00+00:00,537.0,539.0,518.5,526.5,34830
2022-10-24 00:00:00+00:00,525.5,538.5,525.5,528.0,36503
2022-10-25 00:00:00+00:00,527.5,560.0,526.5,538.0,48121
2022-10-26 00:00:00+00:00,541.0,564.0,540.0,558.5,120001
2022-10-27 00:00:00+00:00,564.0,575.0,556.5,562.5,97588
2022-10-28 00:00:00+00:00,561.5,584.0,557.0,582.0,82435
2022-10-31 00:00:00+00:00,594.0,630.0,588.0,613.0,249835
2022-11-01 00:00:00+00:00,613.0,626.5,600.5,602.0,96491
2022-11-02 00:00:00+00:00,602.0,616.0,602.0,606.0,42164
2022-11-03 00:00:00+00:00,602.0,605.0,588.0,597.5,32229
2022-11-07 00:00:00+00:00,610.0,618.0,600.5,613.0,39026
2022-11-08 00:00:00+00:00,622.0,622.0,606.0,608.5,16441
2022-11-09 00:00:00+00:00,615.5,615.5,588.5,589.0,39911
2022-11-10 00:00:00+00:00,580.0,607.5,572.0,600.5,32707
2022-11-11 00:00:00+00:00,606.0,608.0,593.5,596.5,16930
2022-11-14 00:00:00+00:00,597.0,604.5,593.0,599.5,15902
2022-11-15 00:00:00+00:00,602.5,604.0,593.0,593.0,20955
2022-11-16 00:00:00+00:00,595.0,600.0,589.0,593.5,12374
2022-11-17 00:00:00+00:00,595.0,615.0,594.0,603.5,44811
2022-11-18 00:00:00+00:00,611.0,611.0,600.0,600.5,9720
2022-11-21 00:00:00+00:00,600.5,608.5,594.0,596.0,20136
2022-11-22 00:00:00+00:00,601.5,620.0,598.5,616.5,55322
2022-11-23 00:00:00+00:00,615.0,630.0,615.0,622.0,42128
2022-11-24 00:00:00+00:00,623.0,645.0,623.0,643.0,62879
2022-11-25 00:00:00+00:00,645.0,645.0,625.0,632.5,47076
2022-11-28 00:00:00+00:00,635.5,638.5,625.5,627.5,17502
2022-11-29 00:00:00+00:00,632.0,633.0,610.0,623.0,32609
2022-11-30 00:00:00+00:00,626.5,629.0,620.5,625.5,28279
2022-12-01 00:00:00+00:00,626.0,636.0,626.0,628.5,26328
2022-12-02 00:00:00+00:00,630.0,634.5,622.0,626.0,15239
2022-12-05 00:00:00+00:00,629.5,635.5,629.5,631.5,17252
2022-12-06 00:00:00+00:00,636.5,641.5,602.0,629.0,53310
2022-12-07 00:00:00+00:00,629.0,630.0,616.0,622.0,51916
2022-12-08 00:00:00+00:00,618.5,622.0,615.0,616.0,15476
2022-12-09 00:00:00+00:00,616.0,619.5,615.0,615.5,11039
2022-12-12 00:00:00+00:00,618.0,627.5,618.0,622.0,33206
2022-12-13 00:00:00+00:00,623.0,625.5,616.0,623.0,19646
2022-12-14 00:00:00+00:00,615.0,622.0,615.0,622.0,21417
2022-12-15 00:00:00+00:00,610.0,613.0,603.0,603.0,35692
2022-12-16 00:00:00+00:00,603.0,610.0,593.0,603.5,24430
2022-12-19 00:00:00+00:00,600.5,604.5,577.5,581.0,29703
2022-12-20 00:00:00+00:00,581.0,594.0,575.0,587.5,21332
2022-12-21 00:00:00+00:00,588.0,602.5,588.0,601.5,22180
2022-12-22 00:00:00+00:00,602.0,613.0,597.0,600.5,24632
2022-12-23 00:00:00+00:00,601.5,603.5,595.0,599.0,9128
2022-12-26 00:00:00+00:00,600.5,607.5,594.0,601.5,17956
2022-12-27 00:00:00+00:00,604.5,605.0,593.0,599.5,23410
2022-12-28 00:00:00+00:00,601.0,603.0,595.5,599.0,19105
2022-12-29 00:00:00+00:00,601.0,601.0,596.0,598.5,10082
2022-12-30 00:00:00+00:00,600.0,600.0,595.0,595.0,6331
2023-01-03 00:00:00+00:00,596.0,601.0,596.0,600.5,5252
2023-01-04 00:00:00+00:00,602.5,611.0,599.5,610.0,18852
2023-01-05 00:00:00+00:00,610.0,614.0,605.5,607.0,13084
2023-01-06 00:00:00+00:00,607.0,607.5,602.0,603.0,5289
2023-01-09 00:00:00+00:00,604.5,610.0,604.0,609.0,9674
2023-01-10 00:00:00+00:00,609.5,628.0,608.5,614.0,48538
2023-01-11 00:00:00+00:00,610.5,617.5,610.5,613.5,9625
2023-01-12 00:00:00+00:00,615.0,620.0,603.0,608.5,34872
2023-01-13 00:00:00+00:00,609.5,614.0,606.0,608.5,11407
2023-01-16 00:00:00+00:00,607.5,612.0,605.5,610.0,8649
2023-01-17 00:00:00+00:00,612.0,612.0,603.0,605.0,15715
2023-01-18 00:00:00+00:00,607.0,609.0,602.0,604.0,8852
2023-01-19 00:00:00+00:00,605.0,606.0,600.0,600.5,13120
2023-01-20 00:00:00+00:00,602.0,602.0,594.5,595.5,16592
2023-01-23 00:00:00+00:00,593.0,603.5,593.0,595.5,16191
2023-01-24 00:00:00+00:00,602.5,603.0,595.5,599.0,13742
2023-01-25 00:00:00+00:00,599.5,603.0,592.5,594.5,16842
2023-01-26 00:00:00+00:00,592.0,600.0,592.0,596.5,12325
2023-01-27 00:00:00+00:00,597.0,609.0,595.0,602.0,33376
2023-01-30 00:00:00+00:00,605.5,612.5,603.5,611.5,51133
2023-01-31 00:00:00+00:00,613.0,632.0,611.5,620.0,134688
2023-02-01 00:00:00+00:00,624.0,625.0,608.0,612.0,43375
2023-02-02 00:00:00+00:00,618.0,623.5,612.5,619.0,32148
2023-02-03 00:00:00+00:00,620.5,623.0,610.5,611.5,19920
2023-02-06 00:00:00+00:00,613.5,618.5,608.5,615.0,20115
2023-02-07 00:00:00+00:00,620.0,620.0,610.5,616.5,25140
2023-02-08 00:00:00+00:00,617.0,628.0,613.0,615.5,40052
2023-02-09 00:00:00+00:00,614.0,619.0,614.0,617.5,12468
2023-02-10 00:00:00+00:00,618.0,619.5,612.0,615.0,19104
2023-02-13 00:00:00+00:00,615.0,630.0,615.0,626.5,54157
2023-02-14 00:00:00+00:00,626.5,626.5,590.0,606.0,59171
2023-02-15 00:00:00+00:00,606.0,607.5,588.0,597.0,35040
2023-02-16 00:00:00+00:00,603.0,615.0,596.0,600.0,23855
2023-02-17 00:00:00+00:00,599.5,604.5,598.0,599.0,11398
2023-02-20 00:00:00+00:00,601.0,608.0,594.0,605.0,38632
2023-02-21 00:00:00+00:00,607.5,612.0,595.5,604.5,38610
2023-02-22 00:00:00+00:00,606.0,607.5,601.0,604.0,11436
2023-02-24 00:00:00+00:00,605.0,612.5,604.5,609.0,11759
2023-02-27 00:00:00+00:00,608.0,618.0,606.0,614.0,39025
2023-02-28 00:00:00+00:00,615.0,619.5,614.5,615.5,16661
2023-03-01 00:00:00+00:00,617.5,620.0,615.5,619.5,17395
2023-03-02 00:00:00+00:00,623.0,624.5,603.5,613.0,38296
2023-03-03 00:00:00+00:00,613.5,619.5,605.5,616.5,11558
2023-03-06 00:00:00+00:00,623.5,624.0,603.0,619.5,28914
2023-03-07 00:00:00+00:00,620.0,623.5,616.5,623.0,14001
2023-03-09 00:00:00+00:00,624.0,626.5,613.0,621.0,41996
2023-03-10 00:00:00+00:00,621.0,625.5,617.0,622.0,21958
2023-03-13 00:00:00+00:00,625.0,637.0,615.0,627.5,101144
2023-03-14 00:00:00+00:00,632.5,664.0,621.5,627.0,267560
2023-03-15 00:00:00+00:00,629.0,629.0,614.0,621.0,38780
2023-03-16 00:00:00+00:00,624.0,624.0,611.0,616.5,31453
2023-03-17 00:00:00+00:00,619.5,620.5,608.5,612.0,68247
2023-03-20 00:00:00+00:00,614.0,615.5,610.0,612.0,64675
2023-03-21 00:00:00+00:00,615.0,624.0,603.5,607.5,256501
2023-03-22 00:00:00+00:00,610.5,622.0,606.0,607.5,80825
2023-03-23 00:00:00+00:00,609.5,612.0,607.5,609.0,40105
2023-03-24 00:00:00+00:00,611.5,612.0,608.0,609.5,36883
2023-03-27 00:00:00+00:00,616.0,620.0,614.0,616.5,190514
2023-03-28 00:00:00+00:00,617.5,622.5,613.0,616.5,108053
2023-03-29 00:00:00+00:00,616.5,617.5,612.0,613.0,86214
2023-03-30 00:00:00+00:00,616.5,616.5,613.0,616.0,53384
2023-03-31 00:00:00+00:00,616.5,616.5,608.0,609.0,102204
2023-04-03 00:00:00+00:00,613.0,615.0,610.0,612.0,51062
2023-04-04 00:00:00+00:00,615.0,615.0,609.5,609.5,44565
2023-04-05 00:00:00+00:00,611.0,630.0,607.5,619.0,548917
2023-04-06 00:00:00+00:00,627.0,649.0,617.0,634.5,825315
2023-04-07 00:00:00+00:00,637.0,641.5,620.0,622.5,223784
2023-04-10 00:00:00+00:00,622.5,628.0,610.0,614.0,402379
2023-04-11 00:00:00+00:00,616.0,620.0,601.0,604.5,609757
2023-04-12 00:00:00+00:00,606.0,611.0,604.0,608.5,163556
2023-04-13 00:00:00+00:00,609.5,610.0,602.5,606.5,121104
2023-04-14 00:00:00+00:00,608.0,608.0,603.0,604.5,42676
2023-04-17 00:00:00+00:00,607.5,615.0,605.0,610.0,117658
2023-04-18 00:00:00+00:00,610.5,613.0,607.0,609.5,113112
2023-04-19 00:00:00+00:00,611.0,612.0,605.5,607.0,119685
2023-04-20 00:00:00+00:00,607.5,609.0,602.5,607.0,70698
2023-04-21 00:00:00+00:00,608.0,609.0,603.5,606.5,38885
2023-04-24 00:00:00+00:00,606.5,607.5,604.0,605.0,44305
2023-04-25 00:00:00+00:00,606.0,606.5,602.5,604.0,42596
2023-04-26 00:00:00+00:00,606.0,610.0,602.5,604.0,80641
2023-04-27 00:00:00+00:00,604.0,607.0,601.0,602.5,59943
2023-04-28 00:00:00+00:00,602.5,605.0,590.0,599.0,108797
2023-05-02 00:00:00+00:00,599.5,602.0,555.0,582.5,143623
2023-05-03 00:00:00+00:00,586.0,586.0,556.0,566.5,77614
2023-05-04 00:00:00+00:00,564.0,580.0,559.0,569.0,82294
2023-05-05 00:00:00+00:00,572.0,575.0,567.0,569.5,26164
2023-05-08 00:00:00+00:00,569.5,571.0,562.0,568.0,17768
2023-05-10 00:00:00+00:00,569.5,588.5,568.5,580.5,54756
2023-05-11 00:00:00+00:00,582.0,588.0,577.5,580.5,63437
2023-05-12 00:00:00+00:00,580.5,580.5,570.0,573.5,39171
2023-05-15 00:00:00+00:00,577.0,583.0,575.0,580.0,45762
2023-05-16 00:00:00+00:00,580.5,599.0,580.0,593.0,77193
2023-05-17 00:00:00+00:00,593.0,598.0,588.0,590.0,36962
2023-05-18 00:00:00+00:00,594.0,594.5,583.0,585.5,30453
2023-05-19 00:00:00+00:00,588.0,600.0,581.5,592.0,79869
2023-05-22 00:00:00+00:00,594.0,604.5,590.0,593.0,59893
2023-05-23 00:00:00+00:00,594.0,597.5,588.0,590.5,23748
2023-05-24 00:00:00+00:00,590.5,604.0,589.5,602.0,99372
2023-05-25 00:00:00+00:00,602.0,609.0,592.5,604.0,156835
2023-05-26 00:00:00+00:00,606.5,608.5,600.5,602.5,48061
2023-05-29 00:00:00+00:00,603.0,612.5,600.0,611.0,176145
2023-05-30 00:00:00+00:00,607.0,613.0,602.5,606.5,135308
2023-05-31 00:00:00+00:00,608.0,609.5,593.0,601.5,108245
2023-06-01 00:00:00+00:00,600.5,606.5,594.5,598.0,68737
2023-06-02 00:00:00+00:00,598.0,604.0,598.0,602.5,35591
2023-06-05 00:00:00+00:00,609.5,611.0,600.0,603.0,136329
2023-06-06 00:00:00+00:00,600.0,600.0,555.0,580.5,260994
2023-06-07 00:00:00+00:00,583.0,589.0,582.0,583.0,63590
2023-06-08 00:00:00+00:00,586.0,597.0,583.5,592.0,62474
2023-06-09 00:00:00+00:00,597.0,597.0,588.5,590.5,24232
2023-06-13 00:00:00+00:00,590.0,599.5,590.0,592.0,47991
2023-06-14 00:00:00+00:00,593.5,595.5,590.0,591.5,37379
2023-06-15 00:00:00+00:00,593.5,594.0,588.5,591.5,34649
2023-06-16 00:00:00+00:00,591.5,600.0,589.0,592.5,41877
2023-06-19 00:00:00+00:00,592.5,595.0,589.0,593.0,25329
2023-06-20 00:00:00+00:00,594.5,594.5,590.0,591.0,31721
2023-06-21 00:00:00+00:00,591.0,607.0,590.5,603.5,156013
2023-06-22 00:00:00+00:00,606.0,609.0,603.0,603.5,35246
2023-06-23 00:00:00+00:00,604.0,621.5,597.0,617.0,431937
2023-06-26 00:00:00+00:00,610.5,618.0,592.5,610.0,186734
2023-06-27 00:00:00+00:00,611.5,653.5,611.0,632.0,1109943
2023-06-28 00:00:00+00:00,639.0,639.0,620.0,623.5,167142
2023-06-29 00:00:00+00:00,627.0,628.0,620.5,621.5,61930
2023-06-30 00:00:00+00:00,622.5,648.0,622.5,634.5,480986
2023-07-03 00:00:00+00:00,638.5,660.0,630.0,638.0,244996
2023-07-04 00:00:00+00:00,640.5,640.5,622.5,633.0,80274
2023-07-05 00:00:00+00:00,636.0,637.0,632.0,634.5,61447
2023-07-06 00:00:00+00:00,634.5,636.0,610.0,625.5,191599
2023-07-07 00:00:00+00:00,625.0,628.0,620.0,621.0,80958
2023-07-10 00:00:00+00:00,620.5,641.0,620.5,641.0,138593
2023-07-11 00:00:00+00:00,644.5,644.5,628.5,633.0,121271
2023-07-12 00:00:00+00:00,634.5,638.5,630.0,634.0,97887
2023-07-13 00:00:00+00:00,640.0,640.0,620.0,627.0,81207
2023-07-14 00:00:00+00:00,629.0,632.5,625.0,627.5,72536
2023-07-17 00:00:00+00:00,622.0,635.0,622.0,628.0,68366
2023-07-18 00:00:00+00:00,628.5,643.0,628.5,636.5,265644
2023-07-19 00:00:00+00:00,639.0,653.0,633.0,646.0,246881
2023-07-20 00:00:00+00:00,650.5,655.0,629.0,631.0,289747
2023-07-21 00:00:00+00:00,631.5,639.0,625.0,635.0,143015
2023-07-24 00:00:00+00:00,637.0,657.5,635.0,656.0,323205
2023-07-25 00:00:00+00:00,662.5,714.5,660.0,710.0,1190115
2023-07-26 00:00:00+00:00,715.5,774.5,711.5,742.0,2059007
2023-07-27 00:00:00+00:00,755.0,765.0,740.5,742.5,396869
2023-07-28 00:00:00+00:00,744.0,748.0,728.0,736.5,200522
2023-07-31 00:00:00+00:00,737.0,750.0,730.5,732.5,138374
2023-08-01 00:00:00+00:00,732.0,734.0,715.0,724.5,197478
2023-08-02 00:00:00+00:00,730.0,769.0,727.0,751.0,597208
2023-08-03 00:00:00+00:00,760.0,768.0,752.5,764.0,239206
2023-08-04 00:00:00+00:00,765.0,783.5,660.0,762.0,640562
2023-08-07 00:00:00+00:00,770.0,800.0,755.0,780.0,571953
2023-08-08 00:00:00+00:00,779.0,810.0,745.0,788.5,678926
2023-08-09 00:00:00+00:00,793.0,804.5,784.0,788.0,188104
2023-08-10 00:00:00+00:00,784.0,810.0,782.0,804.0,232618
2023-08-11 00:00:00+00:00,804.5,818.0,794.5,817.5,219032
2023-08-14 00:00:00+00:00,819.5,819.5,786.0,801.5,296059
2023-08-15 00:00:00+00:00,795.0,809.0,770.0,795.0,198152
2023-08-16 00:00:00+00:00,795.5,801.0,750.0,780.5,258426
2023-08-17 00:00:00+00:00,786.5,809.5,780.5,795.5,167165
2023-08-18 00:00:00+00:00,798.0,804.5,784.5,797.0,64260
2023-08-21 00:00:00+00:00,800.0,810.0,794.5,800.5,85717
2023-08-22 00:00:00+00:00,802.0,806.0,798.5,800.0,50817
2023-08-23 00:00:00+00:00,801.0,805.0,782.0,798.0,67855
2023-08-24 00:00:00+00:00,789.0,806.0,780.0,800.5,87453
2023-08-25 00:00:00+00:00,801.0,805.0,800.0,804.0,50475
2023-08-28 00:00:00+00:00,809.0,830.0,805.5,829.0,225721
2023-08-29 00:00:00+00:00,830.0,930.0,825.5,916.0,1055193
2023-08-30 00:00:00+00:00,918.0,1099.0,891.5,1050.0,3740222
2023-08-31 00:00:00+00:00,1058.0,1066.0,980.0,995.0,992029
2023-09-01 00:00:00+00:00,1013.5,1015.0,972.0,1005.5,305439
2023-09-04 00:00:00+00:00,1008.0,1049.5,995.0,1014.5,571677
2023-09-05 00:00:00+00:00,1016.0,1039.0,996.5,1003.5,424361
2023-09-06 00:00:00+00:00,1010.0,1050.0,997.0,1026.5,665866
2023-09-07 00:00:00+00:00,1043.0,1055.0,873.5,969.5,725626
2023-09-08 00:00:00+00:00,974.0,1005.5,930.0,1000.0,427268
2023-09-11 00:00:00+00:00,1001.5,1015.0,970.5,1004.0,287587
2023-09-12 00:00:00+00:00,1010.0,1012.0,991.5,995.0,249511
2023-09-13 00:00:00+00:00,1011.5,1011.5,983.5,992.0,131204
2023-09-14 00:00:00+00:00,992.0,999.5,900.0,972.5,383547
2023-09-15 00:00:00+00:00,949.0,990.0,934.0,982.5,156861
2023-09-18 00:00:00+00:00,991.0,1010.0,978.0,986.5,165867
2023-09-19 00:00:00+00:00,981.0,987.0,941.0,957.0,174645
2023-09-20 00:00:00+00:00,957.0,963.0,901.0,951.0,354869
2023-09-21 00:00:00+00:00,945.0,945.0,911.0,924.0,188767
2023-09-22 00:00:00+00:00,891.5,908.0,856.0,893.0,597849
2023-09-25 00:00:00+00:00,893.0,908.0,874.5,885.0,86548
2023-09-26 00:00:00+00:00,885.0,912.5,882.0,903.0,182617
2023-09-27 00:00:00+00:00,903.5,971.5,903.5,968.0,479787
2023-09-28 00:00:00+00:00,970.0,976.0,950.0,951.5,204112
2023-09-29 00:00:00+00:00,956.5,969.5,941.5,948.5,136151
2023-10-02 00:00:00+00:00,948.5,988.0,948.5,965.5,194604
2023-10-03 00:00:00+00:00,965.0,970.0,935.5,962.5,129940
2023-10-04 00:00:00+00:00,962.0,970.0,950.5,955.0,49772
2023-10-05 00:00:00+00:00,955.0,970.0,950.5,958.0,76903
2023-10-06 00:00:00+00:00,959.0,962.5,944.5,950.0,58064
2023-10-09 00:00:00+00:00,952.0,964.0,950.0,954.0,48532
2023-10-10 00:00:00+00:00,954.0,965.0,950.0,957.0,66130
2023-10-11 00:00:00+00:00,957.5,986.5,957.5,979.0,209698
2023-10-12 00:00:00+00:00,966.0,1029.0,954.5,996.0,415597
2023-10-13 00:00:00+00:00,1010.0,1053.5,1004.5,1022.5,1045358
2023-10-16 00:00:00+00:00,1038.0,1047.0,1003.0,1010.5,321127
2023-10-17 00:00:00+00:00,1019.5,1019.5,997.0,1002.5,130530
2023-10-18 00:00:00+00:00,1002.0,1012.5,997.5,1005.5,166664
2023-10-19 00:00:00+00:00,1006.0,1020.5,996.5,1003.5,222393
2023-10-20 00:00:00+00:00,1003.5,1008.0,962.5,966.0,314774
2023-10-23 00:00:00+00:00,966.0,987.0,950.0,971.5,127905
2023-10-24 00:00:00+00:00,972.0,1010.0,972.0,1004.0,171369
2023-10-25 00:00:00+00:00,1004.5,1019.0,992.5,1004.0,116552
2023-10-26 00:00:00+00:00,1006.0,1012.0,980.0,984.0,118824
2023-10-27 00:00:00+00:00,984.0,992.5,957.0,971.0,127902
2023-10-30 00:00:00+00:00,987.0,1004.0,976.5,994.0,159973
2023-10-31 00:00:00+00:00,995.0,1003.0,966.0,978.5,98245
2023-11-01 00:00:00+00:00,978.0,995.0,971.0,986.0,59945
2023-11-02 00:00:00+00:00,990.0,998.0,981.0,986.0,56236
2023-11-03 00:00:00+00:00,986.5,989.5,966.5,976.5,68256
2023-11-06 00:00:00+00:00,972.0,1000.0,972.0,990.5,129533
2023-11-07 00:00:00+00:00,992.0,1004.5,990.0,994.0,122751
2023-11-08 00:00:00+00:00,994.0,1015.0,992.5,1007.0,217363
2023-11-09 00:00:00+00:00,1011.0,1015.0,991.0,994.0,67537
2023-11-10 00:00:00+00:00,997.0,1008.0,996.5,1000.0,126324
2023-11-13 00:00:00+00:00,1002.0,1009.0,955.0,988.0,223787
2023-11-14 00:00:00+00:00,990.0,990.0,902.5,956.0,242442
2023-11-15 00:00:00+00:00,955.5,969.0,941.0,964.0,98385
2023-11-16 00:00:00+00:00,966.0,974.0,944.0,948.5,109882
2023-11-17 00:00:00+00:00,947.0,953.0,918.5,953.0,187208
2023-11-20 00:00:00+00:00,953.0,969.0,945.0,947.0,95227
2023-11-21 00:00:00+00:00,948.0,959.0,937.0,959.0,94245
2023-11-22 00:00:00+00:00,960.0,977.0,958.5,968.5,146994
2023-11-23 00:00:00+00:00,954.0,963.0,924.0,946.0,481961
2023-11-24 00:00:00+00:00,950.0,956.5,939.5,943.5,81169
2023-11-27 00:00:00+00:00,945.0,954.0,935.0,951.0,122509
2023-11-28 00:00:00+00:00,955.0,955.5,936.5,940.0,188893
2023-11-29 00:00:00+00:00,903.0,920.0,901.5,901.5,477981
2023-11-30 00:00:00+00:00,902.0,909.0,857.0,888.0,855330
2023-12-01 00:00:00+00:00,885.0,897.5,870.0,874.0,269497
2023-12-04 00:00:00+00:00,873.0,873.5,825.5,833.5,347383
2023-12-05 00:00:00+00:00,826.0,849.0,811.0,843.5,181923
2023-12-06 00:00:00+00:00,843.5,875.0,843.5,847.5,270021
2023-12-07 00:00:00+00:00,844.0,844.0,810.0,828.0,180951
2023-12-08 00:00:00+00:00,805.5,822.0,805.0,812.5,234163
2023-12-11 00:00:00+00:00,811.5,812.5,767.5,788.5,373921
2023-12-12 00:00:00+00:00,789.0,791.5,760.0,779.0,235673
2023-12-13 00:00:00+00:00,777.5,788.0,767.0,778.0,109410
2023-12-14 00:00:00+00:00,778.5,791.0,763.0,763.5,147276
2023-12-15 00:00:00+00:00,763.0,788.0,755.0,785.0,147077
2023-12-18 00:00:00+00:00,794.0,853.5,789.5,853.0,495127
2023-12-19 00:00:00+00:00,852.0,880.0,838.5,852.5,234852
2023-12-20 00:00:00+00:00,856.5,878.0,852.5,864.0,104309
2023-12-21 00:00:00+00:00,869.0,871.5,840.5,850.5,124289
2023-12-22 00:00:00+00:00,855.0,875.0,835.0,846.5,231564
2023-12-25 00:00:00+00:00,848.5,869.5,848.5,856.5,117897
2023-12-26 00:00:00+00:00,857.0,862.0,841.0,844.0,100583
2023-12-27 00:00:00+00:00,850.0,851.0,830.0,833.0,111755
2023-12-28 00:00:00+00:00,834.5,847.5,810.0,841.0,204820
2023-12-29 00:00:00+00:00,840.0,855.0,840.0,851.5,134674
2024-01-03 00:00:00+00:00,859.5,873.0,854.0,868.5,80803
2024-01-04 00:00:00+00:00,874.5,895.0,869.0,892.0,146940
2024-01-05 00:00:00+00:00,893.5,898.0,882.5,887.5,54192
2024-01-08 00:00:00+00:00,892.0,900.5,889.0,897.5,115923
2024-01-09 00:00:00+00:00,899.0,902.0,893.0,894.0,85390
2024-01-10 00:00:00+00:00,885.0,916.0,873.5,911.5,282460
2024-01-11 00:00:00+00:00,912.0,925.0,893.5,906.5,197048
2024-01-12 00:00:00+00:00,907.0,915.0,901.0,904.0,110945
2024-01-15 00:00:00+00:00,906.0,907.0,898.0,905.0,119897
2024-01-16 00:00:00+00:00,905.0,919.0,900.0,907.0,105413
2024-01-17 00:00:00+00:00,907.5,912.0,900.5,907.0,107316
2024-01-18 00:00:00+00:00,907.0,936.0,907.0,923.0,454747
2024-01-19 00:00:00+00:00,928.0,928.0,905.5,906.0,84553
2024-01-22 00:00:00+00:00,908.0,930.0,890.5,901.0,415160
2024-01-23 00:00:00+00:00,908.0,913.5,898.5,899.5,149619
2024-01-24 00:00:00+00:00,914.0,926.0,896.0,903.5,311370
2024-01-25 00:00:00+00:00,907.5,908.5,885.5,895.0,166992
2024-01-26 00:00:00+00:00,896.5,904.5,889.0,890.5,104998
2024-01-29 00:00:00+00:00,894.5,900.0,887.0,894.5,106428
2024-01-30 00:00:00+00:00,895.5,916.0,895.5,898.0,189365
2024-01-31 00:00:00+00:00,899.0,908.5,893.5,897.0,299364
2024-02-01 00:00:00+00:00,899.5,901.0,892.5,898.5,104359
2024-02-02 00:00:00+00:00,896.0,900.0,885.5,891.0,109939
2024-02-05 00:00:00+00:00,891.0,894.0,886.0,889.0,54943
2024-02-06 00:00:00+00:00,891.0,891.0,883.5,888.5,77101
2024-02-07 00:00:00+00:00,888.5,891.0,881.0,889.5,122488
2024-02-08 00:00:00+00:00,889.5,890.5,880.0,880.5,90069
2024-02-09 00:00:00+00:00,881.0,889.5,852.0,879.0,195854
2024-02-12 00:00:00+00:00,880.0,892.0,870.0,890.0,123708
2024-02-13 00:00:00+00:00,890.0,894.0,885.0,894.0,92985
2024-02-14 00:00:00+00:00,894.0,900.0,888.5,892.0,133292
2024-02-15 00:00:00+00:00,892.0,895.0,877.5,890.0,113133
2024-02-16 00:00:00+00:00,895.5,895.5,881.0,883.0,77738
2024-02-19 00:00:00+00:00,884.0,893.0,883.5,888.5,59765
2024-02-20 00:00:00+00:00,892.0,892.0,875.0,884.0,75227
2024-02-21 00:00:00+00:00,870.0,877.5,842.5,864.0,319058
2024-02-22 00:00:00+00:00,864.0,887.0,864.0,865.0,82997
2024-02-26 00:00:00+00:00,880.0,888.0,873.0,882.0,69064
2024-02-27 00:00:00+00:00,884.5,884.5,874.0,879.5,49717
2024-02-28 00:00:00+00:00,879.5,916.0,874.0,902.0,685175
2024-02-29 00:00:00+00:00,905.0,918.5,898.0,900.0,320344
2024-03-01 00:00:00+00:00,906.0,906.5,890.5,892.0,93610
2024-03-04 00:00:00+00:00,894.5,907.0,894.0,899.0,159501
2024-03-05 00:00:00+00:00,901.0,903.0,891.5,894.0,88381
2024-03-06 00:00:00+00:00,894.0,924.5,879.0,906.0,794399
2024-03-07 00:00:00+00:00,910.0,910.5,896.0,902.0,313641
2024-03-11 00:00:00+00:00,911.0,912.5,900.0,901.0,181201
2024-03-12 00:00:00+00:00,901.0,903.5,898.5,902.0,68764
2024-03-13 00:00:00+00:00,902.0,904.0,894.0,895.5,126838
2024-03-14 00:00:00+00:00,895.0,899.0,882.0,891.5,131188
2024-03-15 00:00:00+00:00,893.5,898.5,880.0,881.5,101412
2024-03-18 00:00:00+00:00,894.0,911.0,890.5,905.5,521469
2024-03-19 00:00:00+00:00,908.0,910.0,885.5,897.0,194786
2024-03-20 00:00:00+00:00,899.0,929.5,889.0,912.5,399480
2024-03-21 00:00:00+00:00,915.0,915.5,902.0,906.0,139340
2024-03-22 00:00:00+00:00,907.0,908.0,880.5,895.0,167231
2024-03-25 00:00:00+00:00,898.5,904.5,890.0,900.5,175412
2024-03-26 00:00:00+00:00,900.5,910.0,900.5,902.5,183873
2024-03-27 00:00:00+00:00,904.5,912.5,900.5,910.0,133305
2024-03-28 00:00:00+00:00,909.0,911.5,903.0,909.5,82538
2024-03-29 00:00:00+00:00,912.0,929.0,905.5,926.5,328257
2024-04-01 00:00:00+00:00,930.5,965.0,928.5,964.5,582675
2024-04-02 00:00:00+00:00,969.0,969.0,934.0,949.5,352135
2024-04-03 00:00:00+00:00,949.5,959.0,935.5,953.5,167956
2024-04-04 00:00:00+00:00,954.0,958.5,940.5,943.5,111800
2024-04-05 00:00:00+00:00,944.0,951.0,935.5,944.0,111230
2024-04-08 00:00:00+00:00,950.0,961.0,921.0,936.0,486901
2024-04-09 00:00:00+00:00,937.5,941.5,907.0,922.0,418650
2024-04-10 00:00:00+00:00,922.5,922.5,912.0,922.0,177553
2024-04-11 00:00:00+00:00,924.0,935.0,916.0,926.5,246953
2024-04-12 00:00:00+00:00,930.0,930.0,919.0,922.0,95217
2024-04-15 00:00:00+00:00,924.0,926.5,918.5,921.0,117853
2024-04-16 00:00:00+00:00,921.0,939.0,919.0,929.5,243595
2024-04-17 00:00:00+00:00,932.0,935.0,909.0,917.5,219979
2024-04-18 00:00:00+00:00,916.5,921.0,913.5,919.0,76787
2024-04-19 00:00:00+00:00,920.5,923.0,910.0,915.0,113217
2024-04-22 00:00:00+00:00,918.0,919.0,897.0,902.5,233902
2024-04-23 00:00:00+00:00,903.0,910.5,898.0,900.5,136524
2024-04-24 00:00:00+00:00,900.0,901.5,890.0,900.5,111419
2024-04-25 00:00:00+00:00,906.0,906.0,890.0,901.5,55788
2024-04-26 00:00:00+00:00,900.0,909.0,893.5,903.5,101003
2024-04-27 00:00:00+00:00,909.0,909.0,885.5,893.5,125971
2024-04-29 00:00:00+00:00,893.0,902.5,885.0,892.5,84370
2024-04-30 00:00:00+00:00,893.0,895.0,890.0,892.0,34612
2024-05-02 00:00:00+00:00,890.0,898.0,882.0,892.0,113391
2024-05-03 00:00:00+00:00,889.0,928.0,888.0,912.5,543545
2024-05-06 00:00:00+00:00,914.5,918.0,891.0,905.0,228737
2024-05-07 00:00:00+00:00,905.0,908.5,898.0,908.5,68013
2024-05-08 00:00:00+00:00,910.0,914.0,901.5,903.0,95191
2024-05-10 00:00:00+00:00,903.0,909.5,903.0,905.5,29936
2024-05-13 00:00:00+00:00,905.5,909.5,901.5,903.5,74316
2024-05-14 00:00:00+00:00,903.5,908.0,900.0,901.0,72925
2024-05-15 00:00:00+00:00,900.0,904.0,893.0,901.0,72448
2024-05-16 00:00:00+00:00,902.0,903.5,897.5,902.0,48918
2024-05-17 00:00:00+00:00,902.0,903.5,898.5,900.0,61912
2024-05-20 00:00:00+00:00,900.0,901.5,883.0,890.0,120233
2024-05-21 00:00:00+00:00,889.5,894.0,885.0,893.5,66773
2024-05-22 00:00:00+00:00,893.5,899.0,888.0,889.5,89817
2024-05-23 00:00:00+00:00,889.5,894.0,882.0,889.5,76666
2024-05-24 00:00:00+00:00,892.5,895.0,870.0,874.0,148474
